seriesuid,coordX,coordY,coordZ,probability
1.3.6.1.4.1.14519.5.2.1.6279.6001.105756658031515062000744821260,99.2749429545371,7.915564511211414,-112.77962829858399,0.7112138867378235
1.3.6.1.4.1.14519.5.2.1.6279.6001.105756658031515062000744821260,-101.86888917843805,7.776833464980882,-111.45793106347656,0.2374849021434784
1.3.6.1.4.1.14519.5.2.1.6279.6001.105756658031515062000744821260,44.3480952322285,28.277669697621604,-231.83481361657715,0.1847762018442154
1.3.6.1.4.1.14519.5.2.1.6279.6001.105756658031515062000744821260,57.05149350218619,73.8630921766453,-192.54619743615723,0.03135721758008003
1.3.6.1.4.1.14519.5.2.1.6279.6001.108197895896446896160048741492,-23.4508356820661,-17.60849605812109,-105.68174362182617,0.028962794691324234
1.3.6.1.4.1.14519.5.2.1.6279.6001.108197895896446896160048741492,-100.4828265870674,67.70966755373229,-231.85345649719238,0.02773008495569229
1.3.6.1.4.1.14519.5.2.1.6279.6001.108197895896446896160048741492,-30.86794767183892,40.55439383578778,-235.78118801116943,0.022009538486599922
1.3.6.1.4.1.14519.5.2.1.6279.6001.109002525524522225658609808059,37.75318143076919,0.7792449217743638,-106.1168327331543,0.9284796118736267
1.3.6.1.4.1.14519.5.2.1.6279.6001.109002525524522225658609808059,-99.165454179027,32.89889395662368,-22.94001007080078,0.4706179201602936
1.3.6.1.4.1.14519.5.2.1.6279.6001.109002525524522225658609808059,-111.49182501916613,-5.076480912653722,-75.492919921875,0.39856529235839844
1.3.6.1.4.1.14519.5.2.1.6279.6001.109002525524522225658609808059,-13.488307459247437,89.76708001413164,-95.40591621398926,0.15211635828018188
1.3.6.1.4.1.14519.5.2.1.6279.6001.109002525524522225658609808059,-72.50632808500114,3.8322681930006297,-69.1369571685791,0.14105944335460663
1.3.6.1.4.1.14519.5.2.1.6279.6001.109002525524522225658609808059,-115.02603585729804,14.6724755013459,-113.51191663742065,0.12138282507658005
1.3.6.1.4.1.14519.5.2.1.6279.6001.109002525524522225658609808059,-118.4894658375054,12.909134397901937,-58.70703125,0.08815734833478928
1.3.6.1.4.1.14519.5.2.1.6279.6001.109002525524522225658609808059,-105.60970291590485,26.477051062786188,-28.06942367553711,0.08172950893640518
1.3.6.1.4.1.14519.5.2.1.6279.6001.109002525524522225658609808059,-99.46495803643512,-1.6188962990851792,-50.48755073547363,0.07582832872867584
1.3.6.1.4.1.14519.5.2.1.6279.6001.109002525524522225658609808059,-72.49596051494547,-18.57474727046764,-63.700927734375,0.067324697971344
1.3.6.1.4.1.14519.5.2.1.6279.6001.109002525524522225658609808059,-80.89776224311964,40.427613132342515,-18.27867889404297,0.05925183743238449
1.3.6.1.4.1.14519.5.2.1.6279.6001.109002525524522225658609808059,46.31846918691343,48.86011559704667,-104.88134050369263,0.055561743676662445
1.3.6.1.4.1.14519.5.2.1.6279.6001.109002525524522225658609808059,67.09213177182,107.486027688756,-6.619962692260742,0.05207676813006401
1.3.6.1.4.1.14519.5.2.1.6279.6001.109002525524522225658609808059,-98.02741656582322,35.00217914025353,-22.409194946289062,0.04772951081395149
1.3.6.1.4.1.14519.5.2.1.6279.6001.109002525524522225658609808059,-120.75284958376807,17.327703986453628,-58.20517921447754,0.04451777786016464
1.3.6.1.4.1.14519.5.2.1.6279.6001.109002525524522225658609808059,-68.75802441288425,-103.90315660589997,-160.05374813079834,0.03115665540099144
1.3.6.1.4.1.14519.5.2.1.6279.6001.109002525524522225658609808059,-102.86223822999483,61.73871446998993,-57.49997520446777,0.029024740681052208
1.3.6.1.4.1.14519.5.2.1.6279.6001.109002525524522225658609808059,36.19081039695055,77.60643955476945,-123.4356632232666,0.026726700365543365
1.3.6.1.4.1.14519.5.2.1.6279.6001.109002525524522225658609808059,7.87464847757991,22.66448185544533,-61.471561431884766,0.026074377819895744
1.3.6.1.4.1.14519.5.2.1.6279.6001.122763913896761494371822656720,-72.92340119818311,-4.197494093496061,-63.43751908715819,0.30466148257255554
1.3.6.1.4.1.14519.5.2.1.6279.6001.122763913896761494371822656720,-109.89509226646135,17.251150653315563,-137.13623048242187,0.17218288779258728
1.3.6.1.4.1.14519.5.2.1.6279.6001.122763913896761494371822656720,-117.41153006202842,-27.165730063330557,-188.5420704024658,0.12657584249973297
1.3.6.1.4.1.14519.5.2.1.6279.6001.122763913896761494371822656720,-39.75594531407535,17.792334287249105,-63.63967896874999,0.07828105241060257
1.3.6.1.4.1.14519.5.2.1.6279.6001.122763913896761494371822656720,44.277364829554585,22.07231126674378,-65.0635719436035,0.05140961334109306
1.3.6.1.4.1.14519.5.2.1.6279.6001.122763913896761494371822656720,-95.39532686481891,15.235155249833042,-85.38606645043944,0.03612904995679855
1.3.6.1.4.1.14519.5.2.1.6279.6001.122763913896761494371822656720,91.92356699657773,-27.165485982452083,-117.69659043725585,0.026567582041025162
1.3.6.1.4.1.14519.5.2.1.6279.6001.122763913896761494371822656720,80.43916737987763,39.81933806333109,-271.9531631606445,0.02483985759317875
1.3.6.1.4.1.14519.5.2.1.6279.6001.124154461048929153767743874565,127.30722963809967,-268.79255098104477,-192.8151997986053,0.12891626358032227
1.3.6.1.4.1.14519.5.2.1.6279.6001.124154461048929153767743874565,146.57459318637848,-161.04828190803528,-311.88943599358043,0.044629182666540146
1.3.6.1.4.1.14519.5.2.1.6279.6001.124154461048929153767743874565,-45.76820343732834,-101.14608180522919,-257.82570985620004,0.043633706867694855
1.3.6.1.4.1.14519.5.2.1.6279.6001.124154461048929153767743874565,53.816123604774475,-113.80235803127289,-134.09033868338446,0.025961941108107567
1.3.6.1.4.1.14519.5.2.1.6279.6001.124154461048929153767743874565,136.011523604393,-173.05798721313477,-247.5632299644887,0.02393527328968048
1.3.6.1.4.1.14519.5.2.1.6279.6001.126121460017257137098781143514,93.98419834002618,-51.17491689617964,-132.64968872070312,0.44525426626205444
1.3.6.1.4.1.14519.5.2.1.6279.6001.126121460017257137098781143514,68.15223799325815,72.54173511178305,-63.14310073852539,0.43973609805107117
1.3.6.1.4.1.14519.5.2.1.6279.6001.126121460017257137098781143514,-73.34258131491731,62.75697937702353,-146.12335205078125,0.4246116876602173
1.3.6.1.4.1.14519.5.2.1.6279.6001.126121460017257137098781143514,-74.7855194968746,-1.0449015617850819,-151.57819747924805,0.2579658627510071
1.3.6.1.4.1.14519.5.2.1.6279.6001.126121460017257137098781143514,-26.324573496796233,42.96068698959425,-32.40516662597656,0.08877237141132355
1.3.6.1.4.1.14519.5.2.1.6279.6001.126121460017257137098781143514,77.32903400733687,8.792124201769184,-211.0611343383789,0.0695076584815979
1.3.6.1.4.1.14519.5.2.1.6279.6001.126121460017257137098781143514,-34.47732201466658,1.2927595375003875,-40.975303649902344,0.06169645115733147
1.3.6.1.4.1.14519.5.2.1.6279.6001.126121460017257137098781143514,-65.59194424297073,-5.376756840563758,-55.52448272705078,0.059596601873636246
1.3.6.1.4.1.14519.5.2.1.6279.6001.126121460017257137098781143514,-27.91723804657829,-27.004852981661315,-58.979835510253906,0.029301412403583527
1.3.6.1.4.1.14519.5.2.1.6279.6001.126121460017257137098781143514,45.269346895395415,-35.102333206166804,-75.50437927246094,0.025499027222394943
1.3.6.1.4.1.14519.5.2.1.6279.6001.126121460017257137098781143514,-38.90766985989046,-31.208776643003148,-56.59698486328125,0.02298717387020588
1.3.6.1.4.1.14519.5.2.1.6279.6001.126121460017257137098781143514,85.80851692034469,55.40025736202006,-244.31015968322754,0.020985078066587448
1.3.6.1.4.1.14519.5.2.1.6279.6001.128023902651233986592378348912,-93.35739827156067,-49.11395072937012,-190.73063797808842,0.31982898712158203
1.3.6.1.4.1.14519.5.2.1.6279.6001.128023902651233986592378348912,-73.99404859542847,-15.277873277664185,-211.7527718052979,0.13013827800750732
1.3.6.1.4.1.14519.5.2.1.6279.6001.128023902651233986592378348912,-36.417083501815796,43.81555795669556,-162.18433804370122,0.12523585557937622
1.3.6.1.4.1.14519.5.2.1.6279.6001.128023902651233986592378348912,24.679914951324463,80.294029712677,-166.38330883837895,0.09023383259773254
1.3.6.1.4.1.14519.5.2.1.6279.6001.128023902651233986592378348912,74.9743595123291,91.17927074432373,-184.8080868229981,0.04702617973089218
1.3.6.1.4.1.14519.5.2.1.6279.6001.128023902651233986592378348912,-77.25218152999878,21.44780158996582,-56.734222839843824,0.035341713577508926
1.3.6.1.4.1.14519.5.2.1.6279.6001.128023902651233986592378348912,28.635744094848633,55.44126033782959,-125.55736965991215,0.03155850991606712
1.3.6.1.4.1.14519.5.2.1.6279.6001.128023902651233986592378348912,-98.36640214920044,42.85386800765991,-75.15161938525398,0.03039064258337021
1.3.6.1.4.1.14519.5.2.1.6279.6001.128023902651233986592378348912,-81.22609949111938,100.06536483764648,-214.2961353764649,0.023149555549025536
1.3.6.1.4.1.14519.5.2.1.6279.6001.128023902651233986592378348912,-126.04299581050873,58.935770988464355,-230.2543301091309,0.021184073761105537
1.3.6.1.4.1.14519.5.2.1.6279.6001.138080888843357047811238713686,-79.27302761375904,214.16236144304276,-494.82212829589844,0.9365465641021729
1.3.6.1.4.1.14519.5.2.1.6279.6001.138080888843357047811238713686,-66.14713436365128,217.79874193668365,-492.47308349609375,0.8221187591552734
1.3.6.1.4.1.14519.5.2.1.6279.6001.138080888843357047811238713686,-119.77029033750296,177.04423362016678,-530.735279083252,0.34017568826675415
1.3.6.1.4.1.14519.5.2.1.6279.6001.138080888843357047811238713686,-120.53475420922041,168.06296104192734,-538.5894241333008,0.322515606880188
1.3.6.1.4.1.14519.5.2.1.6279.6001.138080888843357047811238713686,-90.94129204750061,166.66107124090195,-428.9037322998047,0.20230618119239807
1.3.6.1.4.1.14519.5.2.1.6279.6001.138080888843357047811238713686,-73.73829108476639,215.5352948307991,-492.7909851074219,0.19208981096744537
1.3.6.1.4.1.14519.5.2.1.6279.6001.138080888843357047811238713686,-63.12715935707092,154.10245430469513,-563.9170532226562,0.1524948626756668
1.3.6.1.4.1.14519.5.2.1.6279.6001.138080888843357047811238713686,-7.7466044425964355,178.18824076652527,-429.9913330078125,0.1250869482755661
1.3.6.1.4.1.14519.5.2.1.6279.6001.138080888843357047811238713686,41.485289096832275,201.31207937002182,-535.3141403198242,0.11671546846628189
1.3.6.1.4.1.14519.5.2.1.6279.6001.138080888843357047811238713686,90.8192789554596,195.85812228918076,-451.1292724609375,0.11041584610939026
1.3.6.1.4.1.14519.5.2.1.6279.6001.138080888843357047811238713686,67.26259189844131,182.39212119579315,-454.0052947998047,0.08163942396640778
1.3.6.1.4.1.14519.5.2.1.6279.6001.138080888843357047811238713686,-17.225482165813446,186.4580842256546,-494.0186767578125,0.057551030069589615
1.3.6.1.4.1.14519.5.2.1.6279.6001.138080888843357047811238713686,-119.19063422083855,166.00021183490753,-539.8933258056641,0.04630366712808609
1.3.6.1.4.1.14519.5.2.1.6279.6001.138080888843357047811238713686,-86.48427702486515,209.80683428049088,-502.92088317871094,0.03251520171761513
1.3.6.1.4.1.14519.5.2.1.6279.6001.138080888843357047811238713686,93.72573733329773,167.3282960653305,-561.0262145996094,0.031985167413949966
1.3.6.1.4.1.14519.5.2.1.6279.6001.138080888843357047811238713686,-107.72715528309345,154.37897557020187,-505.0441131591797,0.028829151764512062
1.3.6.1.4.1.14519.5.2.1.6279.6001.138080888843357047811238713686,-83.6087616533041,112.89172646403313,-467.11061096191406,0.028769047930836678
1.3.6.1.4.1.14519.5.2.1.6279.6001.138080888843357047811238713686,132.74918466806412,121.78674346208572,-534.132080078125,0.027388833463191986
1.3.6.1.4.1.14519.5.2.1.6279.6001.138080888843357047811238713686,-60.265342116355896,217.68329071998596,-491.7805938720703,0.026549778878688812
1.3.6.1.4.1.14519.5.2.1.6279.6001.138080888843357047811238713686,-77.78096625208855,163.49175852537155,-510.0664978027344,0.021757176145911217
1.3.6.1.4.1.14519.5.2.1.6279.6001.138080888843357047811238713686,107.35973554849625,96.53382840752602,-554.5833053588867,0.020539071410894394
1.3.6.1.4.1.14519.5.2.1.6279.6001.139713436241461669335487719526,39.57556646725425,38.09245791732974,-199.97988172802735,0.2597683072090149
1.3.6.1.4.1.14519.5.2.1.6279.6001.139713436241461669335487719526,83.8744373168447,59.147400731322705,-124.00581785473634,0.16455736756324768
1.3.6.1.4.1.14519.5.2.1.6279.6001.139713436241461669335487719526,-50.40000289853924,54.49049494770588,-232.80600019726563,0.12861496210098267
1.3.6.1.4.1.14519.5.2.1.6279.6001.139713436241461669335487719526,-35.40620285404657,50.70096162916161,-268.87833067211915,0.07474995404481888
1.3.6.1.4.1.14519.5.2.1.6279.6001.139713436241461669335487719526,27.54220149217872,-145.21130254498894,-201.13737531933594,0.02786974608898163
1.3.6.1.4.1.14519.5.2.1.6279.6001.139713436241461669335487719526,-181.96866164575133,-46.28172239824562,-226.5141625050049,0.021054038777947426
1.3.6.1.4.1.14519.5.2.1.6279.6001.141069661700670042960678408762,-101.5887535300026,248.7758558493454,-740.1297758291016,0.9980695843696594
1.3.6.1.4.1.14519.5.2.1.6279.6001.141069661700670042960678408762,126.53369619586371,181.71056140478439,-725.9767454335938,0.2409028708934784
1.3.6.1.4.1.14519.5.2.1.6279.6001.141069661700670042960678408762,-103.19397624693013,248.9662501316864,-740.3790434072266,0.02976515330374241
1.3.6.1.4.1.14519.5.2.1.6279.6001.141069661700670042960678408762,-101.03075175843335,238.21071959551162,-698.0703428457032,0.02671484835445881
1.3.6.1.4.1.14519.5.2.1.6279.6001.141069661700670042960678408762,-30.087632068611157,247.80645520504302,-716.713378734375,0.020882636308670044
1.3.6.1.4.1.14519.5.2.1.6279.6001.144438612068946916340281098509,8.698896935006474,-15.384786394971002,-121.84220930371094,0.07843635976314545
1.3.6.1.4.1.14519.5.2.1.6279.6001.144438612068946916340281098509,82.82497226229373,50.32588147621516,-55.19073530468751,0.04219633713364601
1.3.6.1.4.1.14519.5.2.1.6279.6001.144438612068946916340281098509,125.38436038033308,63.74873770539796,-84.84216352734376,0.038802407681941986
1.3.6.1.4.1.14519.5.2.1.6279.6001.144438612068946916340281098509,116.19291352347557,-1.3791533225236208,-89.15937849316407,0.03853645548224449
1.3.6.1.4.1.14519.5.2.1.6279.6001.144438612068946916340281098509,-59.23267416855322,84.99035276839948,-125.3834080341797,0.02036033757030964
1.3.6.1.4.1.14519.5.2.1.6279.6001.154677396354641150280013275227,-57.67145252227783,131.6757116317749,-519.8667604257812,0.999479353427887
1.3.6.1.4.1.14519.5.2.1.6279.6001.154677396354641150280013275227,16.82546043395996,198.03201293945312,-450.353042774414,0.20056575536727905
1.3.6.1.4.1.14519.5.2.1.6279.6001.154677396354641150280013275227,9.093450546264648,51.015201568603516,-583.003921680664,0.07558588683605194
1.3.6.1.4.1.14519.5.2.1.6279.6001.154677396354641150280013275227,135.8588924407959,86.35115957260132,-447.8893892099609,0.05378192663192749
1.3.6.1.4.1.14519.5.2.1.6279.6001.154677396354641150280013275227,103.50031757354736,85.61604356765747,-432.64651506445307,0.04928215593099594
1.3.6.1.4.1.14519.5.2.1.6279.6001.154677396354641150280013275227,5.280255317687988,106.29852151870728,-516.8754731943359,0.02255486510694027
1.3.6.1.4.1.14519.5.2.1.6279.6001.187451715205085403623595258748,93.80544842858887,-18.1860200323639,-204.17883491516113,0.3507985472679138
1.3.6.1.4.1.14519.5.2.1.6279.6001.187451715205085403623595258748,-19.26201043943786,56.90586529592895,-246.30073165893555,0.22463707625865936
1.3.6.1.4.1.14519.5.2.1.6279.6001.187451715205085403623595258748,-35.96350370268249,-61.81414522309876,-178.9296112060547,0.14617300033569336
1.3.6.1.4.1.14519.5.2.1.6279.6001.187451715205085403623595258748,72.5514096178589,20.442542656463615,-105.66033935546875,0.09543196856975555
1.3.6.1.4.1.14519.5.2.1.6279.6001.187451715205085403623595258748,74.43013610025025,-16.336712018447884,-199.51991176605225,0.06892070174217224
1.3.6.1.4.1.14519.5.2.1.6279.6001.187451715205085403623595258748,68.90532197137452,82.12159119467162,-316.8601105213165,0.06848131865262985
1.3.6.1.4.1.14519.5.2.1.6279.6001.187451715205085403623595258748,-131.0562796733799,-28.42198409219361,-54.898353576660156,0.05756577476859093
1.3.6.1.4.1.14519.5.2.1.6279.6001.187451715205085403623595258748,-23.880677803558342,37.071594818634026,-278.49181032180786,0.04078106954693794
1.3.6.1.4.1.14519.5.2.1.6279.6001.187451715205085403623595258748,38.049060718017586,-24.85419549127198,-133.77738571166992,0.02752908505499363
1.3.6.1.4.1.14519.5.2.1.6279.6001.187451715205085403623595258748,-50.65822182516479,79.53836642126464,-317.69132232666016,0.02204166166484356
1.3.6.1.4.1.14519.5.2.1.6279.6001.188209889686363159853715266493,-80.97616619742183,57.66913127762092,-133.0409393310547,0.3945847451686859
1.3.6.1.4.1.14519.5.2.1.6279.6001.188209889686363159853715266493,-44.81976815571687,63.715331384458125,-309.3114433288574,0.2165820598602295
1.3.6.1.4.1.14519.5.2.1.6279.6001.188209889686363159853715266493,85.03885855198024,-51.51202469349954,-157.25490188598633,0.024837996810674667
1.3.6.1.4.1.14519.5.2.1.6279.6001.188209889686363159853715266493,24.95225493014442,81.04415678590595,-223.81543731689453,0.021645348519086838
1.3.6.1.4.1.14519.5.2.1.6279.6001.188376349804761988217597754952,-55.19106483459473,175.19599628448486,-405.796814171875,0.9974178075790405
1.3.6.1.4.1.14519.5.2.1.6279.6001.188376349804761988217597754952,78.87115383148193,209.8180694580078,-465.25251790722655,0.9922304749488831
1.3.6.1.4.1.14519.5.2.1.6279.6001.188376349804761988217597754952,-100.60453808307648,179.2635841369629,-498.37341329296873,0.8816031217575073
1.3.6.1.4.1.14519.5.2.1.6279.6001.188376349804761988217597754952,117.95806789398193,144.72488594055176,-505.03360006054686,0.7695157527923584
1.3.6.1.4.1.14519.5.2.1.6279.6001.188376349804761988217597754952,-87.02763414382935,163.12197875976562,-456.2495271845703,0.714714765548706
1.3.6.1.4.1.14519.5.2.1.6279.6001.188376349804761988217597754952,77.10068130493164,115.16057085990906,-378.6354677363281,0.3896067440509796
1.3.6.1.4.1.14519.5.2.1.6279.6001.188376349804761988217597754952,-76.70055723190308,63.923840045928955,-464.06641408642577,0.310901015996933
1.3.6.1.4.1.14519.5.2.1.6279.6001.188376349804761988217597754952,113.63301181793213,134.45011806488037,-420.7035982294922,0.0829007625579834
1.3.6.1.4.1.14519.5.2.1.6279.6001.188376349804761988217597754952,79.22422790527344,132.13376235961914,-364.4759218378906,0.038929283618927
1.3.6.1.4.1.14519.5.2.1.6279.6001.188376349804761988217597754952,26.37298011779785,49.61138200759888,-428.2298433466797,0.022807922214269638
1.3.6.1.4.1.14519.5.2.1.6279.6001.194440094986948071643661798326,56.17377734184265,-92.36041259765625,-276.6358826124435,0.9102982878684998
1.3.6.1.4.1.14519.5.2.1.6279.6001.194440094986948071643661798326,-56.57129430770874,-99.56688833236694,-63.043233088831755,0.4544541835784912
1.3.6.1.4.1.14519.5.2.1.6279.6001.194440094986948071643661798326,17.396247148513794,-99.45789766311646,-139.54397263940263,0.09801817685365677
1.3.6.1.4.1.14519.5.2.1.6279.6001.194440094986948071643661798326,-6.12027907371521,-231.99094784259796,-52.21670139321503,0.08764387667179108
1.3.6.1.4.1.14519.5.2.1.6279.6001.194440094986948071643661798326,-54.03315031528473,-188.95267975330353,-201.8372342338236,0.03570884093642235
1.3.6.1.4.1.14519.5.2.1.6279.6001.194440094986948071643661798326,-76.52630352973938,-168.59542202949524,-104.4366676612255,0.028965605422854424
1.3.6.1.4.1.14519.5.2.1.6279.6001.194440094986948071643661798326,73.98491835594177,-63.1210834980011,-305.86213077009705,0.026532800868153572
1.3.6.1.4.1.14519.5.2.1.6279.6001.194440094986948071643661798326,42.95922493934631,-119.65510082244873,-266.98834182187346,0.022698229178786278
1.3.6.1.4.1.14519.5.2.1.6279.6001.194440094986948071643661798326,-3.9434101581573486,-230.54427337646484,-52.2396902842076,0.022336402907967567
1.3.6.1.4.1.14519.5.2.1.6279.6001.194465340552956447447896167830,-33.01321267789774,53.26165415750438,-58.559913635253906,0.8971285820007324
1.3.6.1.4.1.14519.5.2.1.6279.6001.194465340552956447447896167830,-61.4461758802978,19.494812593031384,-55.122623443603516,0.3892812430858612
1.3.6.1.4.1.14519.5.2.1.6279.6001.194465340552956447447896167830,115.89949446609114,73.06049279496074,-194.10365104675293,0.2188975065946579
1.3.6.1.4.1.14519.5.2.1.6279.6001.194465340552956447447896167830,-72.59989941692095,-14.22831153487823,-86.24162673950195,0.10357963293790817
1.3.6.1.4.1.14519.5.2.1.6279.6001.194465340552956447447896167830,88.82213353793065,58.284339698442636,-171.37708187103271,0.024558067321777344
1.3.6.1.4.1.14519.5.2.1.6279.6001.194465340552956447447896167830,-29.928627813342814,16.796460481487884,-88.07788848876953,0.02247675135731697
1.3.6.1.4.1.14519.5.2.1.6279.6001.202811684116768680758082619196,-83.28832201933591,-21.176315815719136,-96.70355987548828,0.9500478506088257
1.3.6.1.4.1.14519.5.2.1.6279.6001.202811684116768680758082619196,249.07741597071828,-0.967572037854552,-120.314208984375,0.029182493686676025
1.3.6.1.4.1.14519.5.2.1.6279.6001.202811684116768680758082619196,-98.47410287821157,-155.53004437078562,-346.3335795402527,0.026295131072402
1.3.6.1.4.1.14519.5.2.1.6279.6001.202811684116768680758082619196,-78.67726424752226,-20.047642813362472,-97.47954559326172,0.024697642773389816
1.3.6.1.4.1.14519.5.2.1.6279.6001.210837812047373739447725050963,107.4531977432251,-215.35509118862154,-271.197507095403,0.1616809368133545
1.3.6.1.4.1.14519.5.2.1.6279.6001.210837812047373739447725050963,-141.46671319432258,-47.44564482994082,-236.17590577401313,0.15929679572582245
1.3.6.1.4.1.14519.5.2.1.6279.6001.210837812047373739447725050963,-27.13815668649673,-141.7405475122452,-100.96177208789811,0.10472046583890915
1.3.6.1.4.1.14519.5.2.1.6279.6001.210837812047373739447725050963,39.442858602333075,-105.68529555625918,-229.84101061712352,0.048628389835357666
1.3.6.1.4.1.14519.5.2.1.6279.6001.213140617640021803112060161074,54.227967026412955,137.13786320576173,-626.5087583730469,0.995766282081604
1.3.6.1.4.1.14519.5.2.1.6279.6001.213140617640021803112060161074,108.65411782521056,229.6229618061493,-721.1280668447266,0.9619580507278442
1.3.6.1.4.1.14519.5.2.1.6279.6001.213140617640021803112060161074,27.127299311340323,266.57295732388,-626.7640073964844,0.9592483639717102
1.3.6.1.4.1.14519.5.2.1.6279.6001.213140617640021803112060161074,65.87048745411681,281.45657853970033,-622.5084837148438,0.862646758556366
1.3.6.1.4.1.14519.5.2.1.6279.6001.213140617640021803112060161074,-87.89952361327363,194.2796729076813,-666.1360777089844,0.637072741985321
1.3.6.1.4.1.14519.5.2.1.6279.6001.213140617640021803112060161074,-56.25721251708222,258.2335427273224,-671.2166288564454,0.5180925726890564
1.3.6.1.4.1.14519.5.2.1.6279.6001.213140617640021803112060161074,-78.89292853814317,243.10928468594057,-599.6485746572266,0.4312385618686676
1.3.6.1.4.1.14519.5.2.1.6279.6001.213140617640021803112060161074,91.83826351422118,140.64402048477632,-645.2619932363282,0.3157286047935486
1.3.6.1.4.1.14519.5.2.1.6279.6001.213140617640021803112060161074,115.28878927487182,202.70855407604677,-618.4438780019532,0.28552624583244324
1.3.6.1.4.1.14519.5.2.1.6279.6001.213140617640021803112060161074,-71.46678399783326,268.6259043682526,-644.6759794423829,0.24538494646549225
1.3.6.1.4.1.14519.5.2.1.6279.6001.213140617640021803112060161074,-104.82246941071702,197.12446503529054,-576.944335765625,0.18300575017929077
1.3.6.1.4.1.14519.5.2.1.6279.6001.213140617640021803112060161074,72.51433158177184,145.8616732824753,-612.5276945302735,0.173335000872612
1.3.6.1.4.1.14519.5.2.1.6279.6001.213140617640021803112060161074,96.68026972073363,213.4770708549927,-613.1058347890626,0.14930647611618042
1.3.6.1.4.1.14519.5.2.1.6279.6001.213140617640021803112060161074,-62.26768040400697,265.4197237957428,-697.4044035146485,0.1117817685008049
1.3.6.1.4.1.14519.5.2.1.6279.6001.213140617640021803112060161074,-57.729530927955636,255.23582868465883,-672.0063017080079,0.09485982358455658
1.3.6.1.4.1.14519.5.2.1.6279.6001.213140617640021803112060161074,-70.68369722109986,217.2388670910309,-684.8096464345704,0.08374921977519989
1.3.6.1.4.1.14519.5.2.1.6279.6001.213140617640021803112060161074,-64.62520932894898,267.55045966991884,-627.3617704580079,0.07925514876842499
1.3.6.1.4.1.14519.5.2.1.6279.6001.213140617640021803112060161074,110.60126829403686,230.0320218075226,-722.3591535756836,0.05891825631260872
1.3.6.1.4.1.14519.5.2.1.6279.6001.213140617640021803112060161074,-82.21254330617143,173.76895277389985,-708.7531889150391,0.055296529084444046
1.3.6.1.4.1.14519.5.2.1.6279.6001.213140617640021803112060161074,-55.22115194541169,255.71623592266542,-672.0540922353516,0.05166555568575859
1.3.6.1.4.1.14519.5.2.1.6279.6001.213140617640021803112060161074,-125.52615363639546,140.8376732338379,-638.7119444082032,0.043431442230939865
1.3.6.1.4.1.14519.5.2.1.6279.6001.213140617640021803112060161074,-80.95612656813813,243.2872572411011,-599.0261686513672,0.04137974604964256
1.3.6.1.4.1.14519.5.2.1.6279.6001.213140617640021803112060161074,-73.79509973269654,148.9719174374054,-716.854102916504,0.03874422237277031
1.3.6.1.4.1.14519.5.2.1.6279.6001.213140617640021803112060161074,-38.172402021705636,282.94249586948854,-620.4766843984376,0.03812858462333679
1.3.6.1.4.1.14519.5.2.1.6279.6001.213140617640021803112060161074,-35.59601902705384,223.65499524960023,-565.7781980703126,0.03731715306639671
1.3.6.1.4.1.14519.5.2.1.6279.6001.213140617640021803112060161074,102.7573478247528,212.02967123875123,-666.792709178711,0.03383112698793411
1.3.6.1.4.1.14519.5.2.1.6279.6001.213140617640021803112060161074,-75.21015482884599,235.38830070385438,-657.4707792470704,0.029983211308717728
1.3.6.1.4.1.14519.5.2.1.6279.6001.213140617640021803112060161074,-71.48445600014878,259.6564944256256,-706.8762891958008,0.026407698169350624
1.3.6.1.4.1.14519.5.2.1.6279.6001.213140617640021803112060161074,107.1114692713623,228.85722212681276,-720.4847105214844,0.025496110320091248
1.3.6.1.4.1.14519.5.2.1.6279.6001.213140617640021803112060161074,119.86840415257262,246.6803758610199,-737.7470167348633,0.024329328909516335
1.3.6.1.4.1.14519.5.2.1.6279.6001.216882370221919561230873289517,111.6572043764287,-17.41166399583352,-35.46985277172854,0.7552192211151123
1.3.6.1.4.1.14519.5.2.1.6279.6001.216882370221919561230873289517,40.05784850839393,72.86051500790592,-154.8932135963135,0.7498274445533752
1.3.6.1.4.1.14519.5.2.1.6279.6001.216882370221919561230873289517,-97.87169380133253,58.2599558549594,-100.03465303417971,0.7192012667655945
1.3.6.1.4.1.14519.5.2.1.6279.6001.216882370221919561230873289517,116.16923389264832,-28.984841594304896,-62.05339082714846,0.5759689211845398
1.3.6.1.4.1.14519.5.2.1.6279.6001.216882370221919561230873289517,4.975794683976915,-159.6451835221411,-250.94862588879397,0.5694769620895386
1.3.6.1.4.1.14519.5.2.1.6279.6001.216882370221919561230873289517,54.39208035089234,87.87122780337114,-96.1339534187012,0.5137002468109131
1.3.6.1.4.1.14519.5.2.1.6279.6001.216882370221919561230873289517,102.42406502702272,11.143264145063142,-22.49560960766604,0.4828752875328064
1.3.6.1.4.1.14519.5.2.1.6279.6001.216882370221919561230873289517,-87.78754205205621,-41.36535754782898,-52.01667436596682,0.4123121500015259
1.3.6.1.4.1.14519.5.2.1.6279.6001.216882370221919561230873289517,-143.2101482802683,-57.64908214043834,-250.46848901745608,0.2424820363521576
1.3.6.1.4.1.14519.5.2.1.6279.6001.216882370221919561230873289517,-81.26811885466611,-57.1094288898891,-61.88605913159182,0.22161635756492615
1.3.6.1.4.1.14519.5.2.1.6279.6001.216882370221919561230873289517,-69.07140428760738,-86.97796287667342,-158.09974321362307,0.19811390340328217
1.3.6.1.4.1.14519.5.2.1.6279.6001.216882370221919561230873289517,-16.191795320425967,55.71527008716686,-54.17956956860354,0.19677408039569855
1.3.6.1.4.1.14519.5.2.1.6279.6001.216882370221919561230873289517,-113.06764564755701,17.85096645416735,-119.27598604199221,0.19254514575004578
1.3.6.1.4.1.14519.5.2.1.6279.6001.216882370221919561230873289517,-5.3883970973287205,21.026567203833395,-173.32042345043948,0.14258672297000885
1.3.6.1.4.1.14519.5.2.1.6279.6001.216882370221919561230873289517,-28.649455940610437,-47.83359889797765,-102.92659410473635,0.11620351672172546
1.3.6.1.4.1.14519.5.2.1.6279.6001.216882370221919561230873289517,-83.462893107367,27.46261086406622,-61.44059785839846,0.09298505634069443
1.3.6.1.4.1.14519.5.2.1.6279.6001.216882370221919561230873289517,99.3660532360633,37.48918116323722,-31.68477663037112,0.07859725505113602
1.3.6.1.4.1.14519.5.2.1.6279.6001.216882370221919561230873289517,20.775096295995013,-156.64113998897193,-46.82126649853518,0.06532727181911469
1.3.6.1.4.1.14519.5.2.1.6279.6001.216882370221919561230873289517,-53.788933005472586,60.03571086866242,-180.030542697876,0.05194181948900223
1.3.6.1.4.1.14519.5.2.1.6279.6001.216882370221919561230873289517,124.70255021187097,-77.06032310316112,-184.06741746899417,0.04749735817313194
1.3.6.1.4.1.14519.5.2.1.6279.6001.216882370221919561230873289517,-70.09874521474865,79.23989073388685,-89.56475862500002,0.040319107472896576
1.3.6.1.4.1.14519.5.2.1.6279.6001.216882370221919561230873289517,-19.881870227938066,73.00995222423472,-95.44114717480471,0.040032852441072464
1.3.6.1.4.1.14519.5.2.1.6279.6001.216882370221919561230873289517,-106.90159334496582,32.79129360190956,-90.54095872875979,0.039353229105472565
1.3.6.1.4.1.14519.5.2.1.6279.6001.216882370221919561230873289517,-40.07058057244046,15.46118901404435,-147.17214712139895,0.038178201764822006
1.3.6.1.4.1.14519.5.2.1.6279.6001.216882370221919561230873289517,43.85000756455395,73.48883420702651,-152.71772989270022,0.03469563648104668
1.3.6.1.4.1.14519.5.2.1.6279.6001.216882370221919561230873289517,23.404264808614812,-156.51652354124874,-154.16739114758303,0.03312096744775772
1.3.6.1.4.1.14519.5.2.1.6279.6001.216882370221919561230873289517,35.144570881254026,75.29322270125004,-159.73148950573733,0.02940332517027855
1.3.6.1.4.1.14519.5.2.1.6279.6001.216882370221919561230873289517,-89.38627466579089,-51.79628091344392,-70.34534105297854,0.029348505660891533
1.3.6.1.4.1.14519.5.2.1.6279.6001.216882370221919561230873289517,115.12263425423646,-43.25064460992479,-58.80006441113284,0.027112970128655434
1.3.6.1.4.1.14519.5.2.1.6279.6001.216882370221919561230873289517,109.33711371944139,32.97301836217258,-41.096626605957056,0.023844771087169647
1.3.6.1.4.1.14519.5.2.1.6279.6001.216882370221919561230873289517,-106.29431496181348,-6.849843293013407,-112.21564897534182,0.023393692448735237
1.3.6.1.4.1.14519.5.2.1.6279.6001.216882370221919561230873289517,-89.36630710615316,-4.730845929137729,-81.75965913769534,0.022217605262994766
1.3.6.1.4.1.14519.5.2.1.6279.6001.216882370221919561230873289517,-21.371230533757057,6.6345891788626545,-18.39589723583987,0.021849127486348152
1.3.6.1.4.1.14519.5.2.1.6279.6001.216882370221919561230873289517,-34.22160313311667,-76.63883038271314,-272.615135993927,0.021626127883791924
1.3.6.1.4.1.14519.5.2.1.6279.6001.219087313261026510628926082729,-65.19480037689209,197.1551434993744,-467.55772358496097,0.9965214729309082
1.3.6.1.4.1.14519.5.2.1.6279.6001.219087313261026510628926082729,-61.17150843143463,223.918727517128,-634.0208202036133,0.9933730363845825
1.3.6.1.4.1.14519.5.2.1.6279.6001.219087313261026510628926082729,50.86873233318329,211.20231235027313,-617.4707103403321,0.9611465334892273
1.3.6.1.4.1.14519.5.2.1.6279.6001.219087313261026510628926082729,-86.6813592016697,140.0686309337616,-571.5426555307617,0.9577857851982117
1.3.6.1.4.1.14519.5.2.1.6279.6001.219087313261026510628926082729,-51.75808668136597,190.38610410690308,-450.8540187509766,0.7503688931465149
1.3.6.1.4.1.14519.5.2.1.6279.6001.219087313261026510628926082729,1.258381724357605,167.38596105575562,-634.9409175546875,0.6472532749176025
1.3.6.1.4.1.14519.5.2.1.6279.6001.219087313261026510628926082729,-62.61736464500427,230.18971920013428,-512.8548122080078,0.41714754700660706
1.3.6.1.4.1.14519.5.2.1.6279.6001.219087313261026510628926082729,71.03827023506165,178.27933931350708,-582.6520839365235,0.25595033168792725
1.3.6.1.4.1.14519.5.2.1.6279.6001.219087313261026510628926082729,-53.4057559967041,169.57081294059753,-461.2080531748047,0.12757207453250885
1.3.6.1.4.1.14519.5.2.1.6279.6001.219087313261026510628926082729,-100.6035529077053,181.5240889787674,-610.0317226083985,0.0846998319029808
1.3.6.1.4.1.14519.5.2.1.6279.6001.219087313261026510628926082729,-53.681758761405945,123.5376056432724,-536.2911830576172,0.07815627008676529
1.3.6.1.4.1.14519.5.2.1.6279.6001.219087313261026510628926082729,-10.04772800207138,102.83403879404068,-592.9743266733399,0.0541321225464344
1.3.6.1.4.1.14519.5.2.1.6279.6001.219087313261026510628926082729,72.75999820232391,81.608842253685,-680.5940607817879,0.05099167674779892
1.3.6.1.4.1.14519.5.2.1.6279.6001.219087313261026510628926082729,-19.737180590629578,190.14524972438812,-496.7990413339844,0.042194705456495285
1.3.6.1.4.1.14519.5.2.1.6279.6001.219087313261026510628926082729,105.84205603599548,163.16375696659088,-571.7972865732422,0.03923624008893967
1.3.6.1.4.1.14519.5.2.1.6279.6001.219087313261026510628926082729,52.763713002204895,200.8808720111847,-477.02583271582034,0.03247031196951866
1.3.6.1.4.1.14519.5.2.1.6279.6001.219087313261026510628926082729,-93.98685592412949,68.84050695598125,-560.1386676462403,0.025395870208740234
1.3.6.1.4.1.14519.5.2.1.6279.6001.219087313261026510628926082729,-84.16647186875343,122.76641869544983,-519.8209834726563,0.02490934729576111
1.3.6.1.4.1.14519.5.2.1.6279.6001.219087313261026510628926082729,-37.676115691661835,107.41199392080307,-624.6933398874512,0.024834856390953064
1.3.6.1.4.1.14519.5.2.1.6279.6001.219087313261026510628926082729,69.34018039703369,177.8819454908371,-582.6181331308594,0.021843835711479187
1.3.6.1.4.1.14519.5.2.1.6279.6001.219087313261026510628926082729,-76.10536915063858,158.05174481868744,-625.1694484384766,0.020518716424703598
1.3.6.1.4.1.14519.5.2.1.6279.6001.219909753224298157409438012179,99.5599938474121,65.33464431762695,-89.59138488769531,0.9608367085456848
1.3.6.1.4.1.14519.5.2.1.6279.6001.219909753224298157409438012179,76.10263834814452,-4.770183563232422,-92.1483383178711,0.07878318428993225
1.3.6.1.4.1.14519.5.2.1.6279.6001.219909753224298157409438012179,62.86119471411132,87.12343215942383,-145.38966751098633,0.07638292014598846
1.3.6.1.4.1.14519.5.2.1.6279.6001.219909753224298157409438012179,-21.467437640625008,78.72982025146484,-100.82152938842773,0.05680340155959129
1.3.6.1.4.1.14519.5.2.1.6279.6001.219909753224298157409438012179,-15.267829791503914,9.300689697265625,-112.17349624633789,0.04906608164310455
1.3.6.1.4.1.14519.5.2.1.6279.6001.219909753224298157409438012179,76.64735804418945,37.75014877319336,-68.10277557373047,0.03683933988213539
1.3.6.1.4.1.14519.5.2.1.6279.6001.219909753224298157409438012179,-5.371885196167,-64.67844009399414,-133.66399383544922,0.03616168722510338
1.3.6.1.4.1.14519.5.2.1.6279.6001.219909753224298157409438012179,98.30678950170898,67.06235885620117,-90.56151962280273,0.03096381574869156
1.3.6.1.4.1.14519.5.2.1.6279.6001.219909753224298157409438012179,-35.99106778283692,16.65914535522461,-57.72645568847656,0.0266236811876297
1.3.6.1.4.1.14519.5.2.1.6279.6001.219909753224298157409438012179,41.22467051367187,-71.65390968322754,-163.63422012329102,0.02402406744658947
1.3.6.1.4.1.14519.5.2.1.6279.6001.219909753224298157409438012179,5.315637692016594,-33.56924057006836,-148.6456642150879,0.020418966189026833
1.3.6.1.4.1.14519.5.2.1.6279.6001.227962600322799211676960828223,74.22285012909137,-1.1284556976361557,-54.568458557128906,0.9490963220596313
1.3.6.1.4.1.14519.5.2.1.6279.6001.227962600322799211676960828223,19.503899351551212,-45.345566040383375,-131.29603481292725,0.06876914948225021
1.3.6.1.4.1.14519.5.2.1.6279.6001.227962600322799211676960828223,10.81125557334721,-42.90085552675376,-188.73106575012207,0.04804280772805214
1.3.6.1.4.1.14519.5.2.1.6279.6001.227962600322799211676960828223,121.95338611090057,-3.283749972866673,-76.3274154663086,0.036086224019527435
1.3.6.1.4.1.14519.5.2.1.6279.6001.227962600322799211676960828223,-96.7172108301171,114.29307937390325,-95.87133026123047,0.020930258557200432
1.3.6.1.4.1.14519.5.2.1.6279.6001.231645134739451754302647733304,-66.04868806518243,-8.761597931804886,-115.25530242919922,0.8601015210151672
1.3.6.1.4.1.14519.5.2.1.6279.6001.231645134739451754302647733304,120.4319954712555,-63.37429622963339,-92.14960479736328,0.3159851133823395
1.3.6.1.4.1.14519.5.2.1.6279.6001.231645134739451754302647733304,-79.29868641124176,24.676961002059556,-125.66414260864258,0.21002966165542603
1.3.6.1.4.1.14519.5.2.1.6279.6001.231645134739451754302647733304,160.6133147570581,-79.43610136442896,-136.92545318603516,0.11713545769453049
1.3.6.1.4.1.14519.5.2.1.6279.6001.231645134739451754302647733304,-84.69458494671562,-37.81796640599407,-94.57760238647461,0.10649478435516357
1.3.6.1.4.1.14519.5.2.1.6279.6001.231645134739451754302647733304,77.30484214453827,58.49380036137097,-182.1446075439453,0.10506726056337357
1.3.6.1.4.1.14519.5.2.1.6279.6001.231645134739451754302647733304,78.80009288045039,77.36741727679271,-229.6048583984375,0.08256445080041885
1.3.6.1.4.1.14519.5.2.1.6279.6001.231645134739451754302647733304,7.616980760623846,-53.27731033139992,-114.31850814819336,0.07784026116132736
1.3.6.1.4.1.14519.5.2.1.6279.6001.231645134739451754302647733304,-14.52306933325599,11.045307712974477,-16.71533966064453,0.05732336640357971
1.3.6.1.4.1.14519.5.2.1.6279.6001.231645134739451754302647733304,43.765032707640785,-5.333921717382168,-38.474430084228516,0.055572643876075745
1.3.6.1.4.1.14519.5.2.1.6279.6001.231645134739451754302647733304,-74.16420316654512,-12.70838077790961,-95.3897705078125,0.053011760115623474
1.3.6.1.4.1.14519.5.2.1.6279.6001.231645134739451754302647733304,15.425409770427905,4.774056322431875,-33.69337463378906,0.05066443607211113
1.3.6.1.4.1.14519.5.2.1.6279.6001.231645134739451754302647733304,-1.346925998406732,-34.78721033394015,-114.50071716308594,0.03944307193160057
1.3.6.1.4.1.14519.5.2.1.6279.6001.231645134739451754302647733304,64.06353467881127,97.79958209217818,-37.08706283569336,0.033932868391275406
1.3.6.1.4.1.14519.5.2.1.6279.6001.231645134739451754302647733304,140.5475746285847,12.6597248448046,-189.6355094909668,0.02084655873477459
1.3.6.1.4.1.14519.5.2.1.6279.6001.238522526736091851696274044574,-106.27159422466278,-102.71309214660647,-121.58428014690946,0.7707738280296326
1.3.6.1.4.1.14519.5.2.1.6279.6001.238522526736091851696274044574,-22.497185526580807,-88.75786977836611,-54.28632050391536,0.241621732711792
1.3.6.1.4.1.14519.5.2.1.6279.6001.238522526736091851696274044574,46.24359840324402,-181.28741401264193,-140.21902849358924,0.15744927525520325
1.3.6.1.4.1.14519.5.2.1.6279.6001.238522526736091851696274044574,-52.68331295082092,-145.54276245662692,-96.3726078411579,0.15266098082065582
1.3.6.1.4.1.14519.5.2.1.6279.6001.238522526736091851696274044574,-33.9398205859375,-184.58141165802004,-139.4241951406217,0.06950902938842773
1.3.6.1.4.1.14519.5.2.1.6279.6001.238522526736091851696274044574,-102.52739673683166,-153.2457496506882,-154.42826426219256,0.06170469522476196
1.3.6.1.4.1.14519.5.2.1.6279.6001.238522526736091851696274044574,-98.9890519363594,-95.03391700813296,-230.48875075740955,0.05620104819536209
1.3.6.1.4.1.14519.5.2.1.6279.6001.238522526736091851696274044574,66.76059240272522,-62.114429054946925,-282.5166725816549,0.030865024775266647
1.3.6.1.4.1.14519.5.2.1.6279.6001.238522526736091851696274044574,-107.19403272697448,-113.27794390747073,-114.47058480923499,0.028171351179480553
1.3.6.1.4.1.14519.5.2.1.6279.6001.238522526736091851696274044574,-26.641030369491574,-149.32333665916445,-196.19543997458788,0.026709487661719322
1.3.6.1.4.1.14519.5.2.1.6279.6001.238522526736091851696274044574,83.97587770393372,-153.27950197288516,-226.28760989274963,0.024996677413582802
1.3.6.1.4.1.14519.5.2.1.6279.6001.241570579760883349458693655367,-124.22788868099451,127.62095091078186,1633.195411682129,0.9669751524925232
1.3.6.1.4.1.14519.5.2.1.6279.6001.241570579760883349458693655367,30.783876299858093,68.132024887537,1769.8326721191406,0.3097414970397949
1.3.6.1.4.1.14519.5.2.1.6279.6001.241570579760883349458693655367,-34.7929864525795,158.57175061437988,1707.7039489746094,0.15954376757144928
1.3.6.1.4.1.14519.5.2.1.6279.6001.241570579760883349458693655367,-95.97354030609131,135.7489023539772,1798.7813720703125,0.09045860171318054
1.3.6.1.4.1.14519.5.2.1.6279.6001.241570579760883349458693655367,-119.90864643454552,119.26876995298767,1677.6804504394531,0.0740315318107605
1.3.6.1.4.1.14519.5.2.1.6279.6001.241570579760883349458693655367,-149.83093502745032,53.50415999028587,1757.6487579345703,0.05227138102054596
1.3.6.1.4.1.14519.5.2.1.6279.6001.241570579760883349458693655367,-96.66662479937077,132.0546469423523,1802.4924621582031,0.03481525182723999
1.3.6.1.4.1.14519.5.2.1.6279.6001.241570579760883349458693655367,-51.333649069070816,36.2857156727066,1852.4228515625,0.03460841625928879
1.3.6.1.4.1.14519.5.2.1.6279.6001.241570579760883349458693655367,-44.9512420296669,77.50797710153961,1653.925521850586,0.026757022365927696
1.3.6.1.4.1.14519.5.2.1.6279.6001.241570579760883349458693655367,-32.32890576124191,110.42986598942184,1755.7650451660156,0.02190125361084938
1.3.6.1.4.1.14519.5.2.1.6279.6001.241570579760883349458693655367,-26.196203351020813,71.73751384351158,1712.7571716308594,0.02107970416545868
1.3.6.1.4.1.14519.5.2.1.6279.6001.250863365157630276148828903732,-82.6337273910649,-28.293080649789772,-152.73767471313477,0.9873334169387817
1.3.6.1.4.1.14519.5.2.1.6279.6001.250863365157630276148828903732,93.36570497363573,75.28522724575305,-186.93925857543945,0.978660523891449
1.3.6.1.4.1.14519.5.2.1.6279.6001.250863365157630276148828903732,-126.84682879678076,40.02504995614436,-238.82548332214355,0.9335259199142456
1.3.6.1.4.1.14519.5.2.1.6279.6001.250863365157630276148828903732,-118.97853395233687,-25.094275229406776,-240.07665634155273,0.7667911648750305
1.3.6.1.4.1.14519.5.2.1.6279.6001.250863365157630276148828903732,-95.88092018059251,39.66663056699326,-125.55028915405273,0.7240793108940125
1.3.6.1.4.1.14519.5.2.1.6279.6001.250863365157630276148828903732,-76.74357560300632,35.03487178662181,-274.0548610687256,0.7186486721038818
1.3.6.1.4.1.14519.5.2.1.6279.6001.250863365157630276148828903732,34.13945733047149,76.12315169823705,-146.51222229003906,0.6634786128997803
1.3.6.1.4.1.14519.5.2.1.6279.6001.250863365157630276148828903732,-96.32512790086548,87.13227278199338,-282.68067359924316,0.47797802090644836
1.3.6.1.4.1.14519.5.2.1.6279.6001.250863365157630276148828903732,-77.28620164338281,-67.68504586007111,-184.13454055786133,0.4155823290348053
1.3.6.1.4.1.14519.5.2.1.6279.6001.250863365157630276148828903732,-95.95084860582574,7.78270135260027,-144.23221588134766,0.27204662561416626
1.3.6.1.4.1.14519.5.2.1.6279.6001.250863365157630276148828903732,-93.61222944190013,-11.96719769059564,-258.23790550231934,0.2296009361743927
1.3.6.1.4.1.14519.5.2.1.6279.6001.250863365157630276148828903732,-62.73685988663419,-63.78411733662142,-259.27226066589355,0.21837791800498962
1.3.6.1.4.1.14519.5.2.1.6279.6001.250863365157630276148828903732,-83.61053827055002,-34.63194466107234,-252.9128646850586,0.18819476664066315
1.3.6.1.4.1.14519.5.2.1.6279.6001.250863365157630276148828903732,-75.54581233600402,-61.513703009983146,-193.9236068725586,0.16720451414585114
1.3.6.1.4.1.14519.5.2.1.6279.6001.250863365157630276148828903732,91.94619270283874,84.94925450296432,-289.6721363067627,0.1617046296596527
1.3.6.1.4.1.14519.5.2.1.6279.6001.250863365157630276148828903732,-55.998746280994965,-35.080714820025605,-127.24672317504883,0.15065699815750122
1.3.6.1.4.1.14519.5.2.1.6279.6001.250863365157630276148828903732,-91.32598417723784,52.30878605178441,-144.4584083557129,0.14413785934448242
1.3.6.1.4.1.14519.5.2.1.6279.6001.250863365157630276148828903732,40.382785324181896,79.2471331242632,-166.36388778686523,0.08743458986282349
1.3.6.1.4.1.14519.5.2.1.6279.6001.250863365157630276148828903732,-76.34409426573256,-11.869865665416,-171.98816299438477,0.07816305011510849
1.3.6.1.4.1.14519.5.2.1.6279.6001.250863365157630276148828903732,-71.64575284849343,-70.6776725039017,-204.52638626098633,0.07644174247980118
1.3.6.1.4.1.14519.5.2.1.6279.6001.250863365157630276148828903732,-41.22260062807254,81.5511791417448,-113.50887298583984,0.06279642134904861
1.3.6.1.4.1.14519.5.2.1.6279.6001.250863365157630276148828903732,-122.80156064581206,-7.415549539877247,-255.2616310119629,0.05018755793571472
1.3.6.1.4.1.14519.5.2.1.6279.6001.250863365157630276148828903732,210.49161689892208,-50.238410702011606,-24.521770477294922,0.048930663615465164
1.3.6.1.4.1.14519.5.2.1.6279.6001.250863365157630276148828903732,-64.36049421559437,-55.68713568480234,-254.13812637329102,0.039743926376104355
1.3.6.1.4.1.14519.5.2.1.6279.6001.250863365157630276148828903732,-79.62994811934914,-27.687000501926377,-153.82152557373047,0.03647879511117935
1.3.6.1.4.1.14519.5.2.1.6279.6001.250863365157630276148828903732,-80.71585197705645,-63.18223752913036,-256.77955627441406,0.03484764322638512
1.3.6.1.4.1.14519.5.2.1.6279.6001.250863365157630276148828903732,-81.5169003378578,-24.571651499561995,-146.6606330871582,0.032463520765304565
1.3.6.1.4.1.14519.5.2.1.6279.6001.250863365157630276148828903732,-54.920591327078,89.59810432347149,-122.83504486083984,0.030926890671253204
1.3.6.1.4.1.14519.5.2.1.6279.6001.250863365157630276148828903732,71.99973221414984,79.76951062725857,-268.8303852081299,0.030872374773025513
1.3.6.1.4.1.14519.5.2.1.6279.6001.250863365157630276148828903732,-97.5636779212764,-53.545454548609996,-265.8453178405762,0.029961971566081047
1.3.6.1.4.1.14519.5.2.1.6279.6001.250863365157630276148828903732,-77.17311109984075,-66.1026328024891,-188.2900047302246,0.029161877930164337
1.3.6.1.4.1.14519.5.2.1.6279.6001.250863365157630276148828903732,33.74810147922835,-77.66553255450708,-314.80292797088623,0.028337398543953896
1.3.6.1.4.1.14519.5.2.1.6279.6001.250863365157630276148828903732,-76.43098337571064,-62.512399111201375,-190.99775314331055,0.027874108403921127
1.3.6.1.4.1.14519.5.2.1.6279.6001.250863365157630276148828903732,-31.716448233131814,-45.24946366673612,-240.83420753479004,0.023435162380337715
1.3.6.1.4.1.14519.5.2.1.6279.6001.250863365157630276148828903732,-114.53150324475428,-18.989978502020676,-274.43408966064453,0.02186068333685398
1.3.6.1.4.1.14519.5.2.1.6279.6001.269689294231892620436462818860,67.97024154463725,-7.855616230041335,-100.19816590722655,0.7520384192466736
1.3.6.1.4.1.14519.5.2.1.6279.6001.269689294231892620436462818860,81.36288914455508,64.63879796082955,-69.0373726027832,0.20528124272823334
1.3.6.1.4.1.14519.5.2.1.6279.6001.269689294231892620436462818860,90.75944801334117,-13.72779216884038,-146.62915421899413,0.13893553614616394
1.3.6.1.4.1.14519.5.2.1.6279.6001.269689294231892620436462818860,-62.82001431815297,86.50126187508039,-213.85865403588866,0.11914696544408798
1.3.6.1.4.1.14519.5.2.1.6279.6001.269689294231892620436462818860,94.93738946408848,31.219466578204162,-83.77228928979491,0.117589071393013
1.3.6.1.4.1.14519.5.2.1.6279.6001.269689294231892620436462818860,62.913003111752914,69.97967389808372,-68.99434281762694,0.102488674223423
1.3.6.1.4.1.14519.5.2.1.6279.6001.269689294231892620436462818860,-84.44535867254672,49.95300895045847,-135.75984193261718,0.09263212978839874
1.3.6.1.4.1.14519.5.2.1.6279.6001.269689294231892620436462818860,-80.76886832666787,37.26468041810193,-227.92749597009276,0.08463876694440842
1.3.6.1.4.1.14519.5.2.1.6279.6001.269689294231892620436462818860,108.92516915946908,29.778846473334568,-126.67363358911132,0.07893725484609604
1.3.6.1.4.1.14519.5.2.1.6279.6001.269689294231892620436462818860,82.56663925440807,1.5878043235094879,-84.50852586206054,0.07872901111841202
1.3.6.1.4.1.14519.5.2.1.6279.6001.269689294231892620436462818860,92.57475441042334,54.465743989104965,-170.76543046411132,0.04434682056307793
1.3.6.1.4.1.14519.5.2.1.6279.6001.269689294231892620436462818860,55.64475203772599,29.083304554125505,-80.85757447656249,0.04290032386779785
1.3.6.1.4.1.14519.5.2.1.6279.6001.269689294231892620436462818860,-31.978348706281395,65.41491636212203,-257.7949638503418,0.0416085347533226
1.3.6.1.4.1.14519.5.2.1.6279.6001.269689294231892620436462818860,106.17711181667983,-1.7191746690189689,-203.10019685205077,0.034172423183918
1.3.6.1.4.1.14519.5.2.1.6279.6001.269689294231892620436462818860,98.11315385576745,22.997501111869212,-100.16431046899413,0.030596833676099777
1.3.6.1.4.1.14519.5.2.1.6279.6001.269689294231892620436462818860,-14.754796047011041,46.08541315078372,-49.65321732934569,0.03009437769651413
1.3.6.1.4.1.14519.5.2.1.6279.6001.269689294231892620436462818860,-82.69096964039636,70.11596455361331,-150.43824387963866,0.029690606519579887
1.3.6.1.4.1.14519.5.2.1.6279.6001.272042302501586336192628818865,36.965341454895025,178.66172336350402,-603.3782041738282,0.926671028137207
1.3.6.1.4.1.14519.5.2.1.6279.6001.272042302501586336192628818865,-65.75304257258605,211.8022415519806,-615.8502195546876,0.43260547518730164
1.3.6.1.4.1.14519.5.2.1.6279.6001.272042302501586336192628818865,-95.95471137150955,158.9667065025421,-611.7829588125,0.14088572561740875
1.3.6.1.4.1.14519.5.2.1.6279.6001.272042302501586336192628818865,132.15071261540223,140.6523095251175,-682.4551389882813,0.12243706732988358
1.3.6.1.4.1.14519.5.2.1.6279.6001.272042302501586336192628818865,-19.9698435007019,206.03264354477844,-723.0286710927735,0.11984509229660034
1.3.6.1.4.1.14519.5.2.1.6279.6001.272042302501586336192628818865,144.87330020085145,70.27395557175598,-557.4136350820313,0.06750860810279846
1.3.6.1.4.1.14519.5.2.1.6279.6001.272042302501586336192628818865,83.87699759617615,174.1259169460388,-569.9058683583985,0.053211815655231476
1.3.6.1.4.1.14519.5.2.1.6279.6001.272042302501586336192628818865,136.90690792218018,112.693620550737,-724.0208280751954,0.046903274953365326
1.3.6.1.4.1.14519.5.2.1.6279.6001.272042302501586336192628818865,62.60083473339844,177.64450215111694,-570.2912290761719,0.045079346746206284
1.3.6.1.4.1.14519.5.2.1.6279.6001.272042302501586336192628818865,55.08036220684815,165.35062931786499,-559.2143247792969,0.03867879882454872
1.3.6.1.4.1.14519.5.2.1.6279.6001.272042302501586336192628818865,-51.89449107035827,175.27711151848754,-566.601562328125,0.034265369176864624
1.3.6.1.4.1.14519.5.2.1.6279.6001.272042302501586336192628818865,52.388615018280035,220.72562669526062,-764.4017751882325,0.026816684752702713
1.3.6.1.4.1.14519.5.2.1.6279.6001.277445975068759205899107114231,123.33192348480225,-111.74633359909058,-157.50206789700025,0.41509124636650085
1.3.6.1.4.1.14519.5.2.1.6279.6001.277445975068759205899107114231,-163.6498736217618,-164.07333827018738,-340.12521058254214,0.14440037310123444
1.3.6.1.4.1.14519.5.2.1.6279.6001.277445975068759205899107114231,-12.143738865852356,-166.14370799064636,-142.56610027509015,0.09483750909566879
1.3.6.1.4.1.14519.5.2.1.6279.6001.277445975068759205899107114231,-68.55396389961243,-110.71567869186401,-154.3134235722908,0.07516510039567947
1.3.6.1.4.1.14519.5.2.1.6279.6001.277445975068759205899107114231,-48.49860489368439,-66.06547212600708,-209.37497606873586,0.05805082991719246
1.3.6.1.4.1.14519.5.2.1.6279.6001.277445975068759205899107114231,-161.5479364991188,-131.6108796596527,-339.76948519628615,0.04114470258355141
1.3.6.1.4.1.14519.5.2.1.6279.6001.277445975068759205899107114231,-159.81149084866047,-125.93310451507568,-339.9629711664261,0.04038619250059128
1.3.6.1.4.1.14519.5.2.1.6279.6001.277445975068759205899107114231,-160.898225158453,-128.87426710128784,-337.6555721692093,0.031236303970217705
1.3.6.1.4.1.14519.5.2.1.6279.6001.278660284797073139172446973682,-113.63689806241382,3.066584769199835,-163.98063468933105,0.7659883499145508
1.3.6.1.4.1.14519.5.2.1.6279.6001.278660284797073139172446973682,-43.264932461912395,3.8037852152629057,-89.80990219116211,0.7383455038070679
1.3.6.1.4.1.14519.5.2.1.6279.6001.278660284797073139172446973682,-172.41215504034528,38.88505837605044,-191.92815589904785,0.4475563168525696
1.3.6.1.4.1.14519.5.2.1.6279.6001.278660284797073139172446973682,-80.50019196052745,13.214525747433072,-89.00439071655273,0.4302339553833008
1.3.6.1.4.1.14519.5.2.1.6279.6001.278660284797073139172446973682,35.56191284827946,17.471510262374068,-97.68318939208984,0.3973865807056427
1.3.6.1.4.1.14519.5.2.1.6279.6001.278660284797073139172446973682,32.250701971002854,59.460159282563836,-153.90170860290527,0.27828702330589294
1.3.6.1.4.1.14519.5.2.1.6279.6001.278660284797073139172446973682,-58.85328586965625,-50.36932177536801,-127.22948837280273,0.06773310899734497
1.3.6.1.4.1.14519.5.2.1.6279.6001.278660284797073139172446973682,-170.71331634429907,2.6731085655337665,-295.8982651233673,0.06722463667392731
1.3.6.1.4.1.14519.5.2.1.6279.6001.278660284797073139172446973682,-46.784138962197176,78.1721252354182,-132.59783554077148,0.05575981363654137
1.3.6.1.4.1.14519.5.2.1.6279.6001.278660284797073139172446973682,59.929937104316195,40.63606396038085,-307.7370606660843,0.046696409583091736
1.3.6.1.4.1.14519.5.2.1.6279.6001.278660284797073139172446973682,77.16016603063326,36.49195864066132,-83.79402923583984,0.044195666909217834
1.3.6.1.4.1.14519.5.2.1.6279.6001.278660284797073139172446973682,-74.16286616977595,-8.609926955527044,-94.444091796875,0.04369855299592018
1.3.6.1.4.1.14519.5.2.1.6279.6001.278660284797073139172446973682,103.82970993530762,30.746853446311434,-173.768461227417,0.03258621692657471
1.3.6.1.4.1.14519.5.2.1.6279.6001.278660284797073139172446973682,-56.886634411654086,67.41727112639637,-73.18451690673828,0.03189006447792053
1.3.6.1.4.1.14519.5.2.1.6279.6001.280972147860943609388015648430,182.60397453308104,-16.840307903289784,-77.46084976196289,0.1733260601758957
1.3.6.1.4.1.14519.5.2.1.6279.6001.280972147860943609388015648430,140.69392223358153,-96.43950958251952,-133.42545318603516,0.031386494636535645
1.3.6.1.4.1.14519.5.2.1.6279.6001.280972147860943609388015648430,-43.914131927490246,84.29636459350587,-25.398147583007812,0.02437427081167698
1.3.6.1.4.1.14519.5.2.1.6279.6001.295420274214095686326263147663,-50.42060537875673,-25.618265032860705,-198.77936729376137,0.9912365674972534
1.3.6.1.4.1.14519.5.2.1.6279.6001.295420274214095686326263147663,-14.819219401178685,78.01507422316567,-92.09103060556203,0.9908075928688049
1.3.6.1.4.1.14519.5.2.1.6279.6001.295420274214095686326263147663,-70.72331799706777,43.44741640884453,-162.38485095870504,0.953050971031189
1.3.6.1.4.1.14519.5.2.1.6279.6001.295420274214095686326263147663,-41.38204823101992,-8.829323069495928,-160.4564644543779,0.9108271598815918
1.3.6.1.4.1.14519.5.2.1.6279.6001.295420274214095686326263147663,-46.84874878074666,76.24901463565615,-161.84091332747352,0.8816758394241333
1.3.6.1.4.1.14519.5.2.1.6279.6001.295420274214095686326263147663,110.24178414702541,-18.235654305913755,-244.94820520643128,0.7963753938674927
1.3.6.1.4.1.14519.5.2.1.6279.6001.295420274214095686326263147663,-25.088017261941474,70.44904643854747,-232.42822692350086,0.43386536836624146
1.3.6.1.4.1.14519.5.2.1.6279.6001.295420274214095686326263147663,-79.85395846045108,59.673961701473985,-131.9435315351556,0.3531510829925537
1.3.6.1.4.1.14519.5.2.1.6279.6001.295420274214095686326263147663,103.43682611864492,52.419756543508214,-134.90837118770918,0.16262361407279968
1.3.6.1.4.1.14519.5.2.1.6279.6001.295420274214095686326263147663,112.61539119283984,37.762489724808205,-164.46607329440388,0.12110836803913116
1.3.6.1.4.1.14519.5.2.1.6279.6001.295420274214095686326263147663,60.78502881888048,35.64338496986451,-66.56269746884476,0.1150733157992363
1.3.6.1.4.1.14519.5.2.1.6279.6001.295420274214095686326263147663,-18.09096796563577,77.88864881123877,-114.14591055180512,0.0966266393661499
1.3.6.1.4.1.14519.5.2.1.6279.6001.295420274214095686326263147663,102.21568651207994,73.58622449161552,-159.26748065053192,0.06549472361803055
1.3.6.1.4.1.14519.5.2.1.6279.6001.295420274214095686326263147663,84.54030760213422,92.19920375834621,-162.74356598186836,0.0483776330947876
1.3.6.1.4.1.14519.5.2.1.6279.6001.295420274214095686326263147663,-34.78581639318659,25.86639559010868,-160.7861114871493,0.04837213084101677
1.3.6.1.4.1.14519.5.2.1.6279.6001.295420274214095686326263147663,-37.17062295076144,45.62480351919143,-61.22135886690643,0.041690386831760406
1.3.6.1.4.1.14519.5.2.1.6279.6001.295420274214095686326263147663,-26.09245393193092,-25.001153496151943,-176.62734609091325,0.0410444438457489
1.3.6.1.4.1.14519.5.2.1.6279.6001.295420274214095686326263147663,-68.81589764300739,43.445380133979,-161.17284545905653,0.040153998881578445
1.3.6.1.4.1.14519.5.2.1.6279.6001.295420274214095686326263147663,96.57020263252556,74.93640299674584,-164.55594755341093,0.03829934820532799
1.3.6.1.4.1.14519.5.2.1.6279.6001.295420274214095686326263147663,76.5084699167804,90.81713430276281,-269.10593205143545,0.03463790938258171
1.3.6.1.4.1.14519.5.2.1.6279.6001.295420274214095686326263147663,66.4390746730663,-42.63626787652234,-38.50693689982194,0.0326530784368515
1.3.6.1.4.1.14519.5.2.1.6279.6001.295420274214095686326263147663,93.72847683888389,46.01369995118725,-163.93314106373413,0.030519569292664528
1.3.6.1.4.1.14519.5.2.1.6279.6001.295420274214095686326263147663,96.66571514728125,20.603915772368367,-93.65728793299871,0.027464009821414948
1.3.6.1.4.1.14519.5.2.1.6279.6001.295420274214095686326263147663,47.0322528483251,35.293722904765986,-101.41973836458868,0.025128692388534546
1.3.6.1.4.1.14519.5.2.1.6279.6001.295420274214095686326263147663,125.04563068872298,-49.664426482338655,-261.0295511383096,0.023090709000825882
1.3.6.1.4.1.14519.5.2.1.6279.6001.295420274214095686326263147663,-25.828884606127446,70.78612208026456,-240.5072113672622,0.020658718422055244
1.3.6.1.4.1.14519.5.2.1.6279.6001.295420274214095686326263147663,84.18352659183651,-16.271386609052257,-134.93709585537994,0.020491020753979683
1.3.6.1.4.1.14519.5.2.1.6279.6001.295420274214095686326263147663,-58.94151981023393,18.568282253251112,-228.31013764032917,0.020479818806052208
1.3.6.1.4.1.14519.5.2.1.6279.6001.295420274214095686326263147663,-19.021505495032812,64.26869568309334,-256.63679175727856,0.02025999315083027
1.3.6.1.4.1.14519.5.2.1.6279.6001.310626494937915759224334597176,29.329725308009074,27.787633382788044,-229.34076733447267,0.3563973903656006
1.3.6.1.4.1.14519.5.2.1.6279.6001.310626494937915759224334597176,79.0486941064737,64.9967691552738,-250.90036339617922,0.3048165738582611
1.3.6.1.4.1.14519.5.2.1.6279.6001.310626494937915759224334597176,-93.19005674653818,69.36024397588335,-258.0133194432373,0.0969056561589241
1.3.6.1.4.1.14519.5.2.1.6279.6001.310626494937915759224334597176,30.826470681946375,54.08424654173723,-30.820927093994214,0.08406538516283035
1.3.6.1.4.1.14519.5.2.1.6279.6001.310626494937915759224334597176,-60.81394815727981,61.11144318417064,-241.61582417346193,0.0665346160531044
1.3.6.1.4.1.14519.5.2.1.6279.6001.310626494937915759224334597176,-49.36671780078177,56.12002695936826,-263.9359039769287,0.04255285859107971
1.3.6.1.4.1.14519.5.2.1.6279.6001.310626494937915759224334597176,32.14803190185921,69.6067749477661,-34.30015988208015,0.03123725764453411
1.3.6.1.4.1.14519.5.2.1.6279.6001.310626494937915759224334597176,-73.1311626564493,26.06635116878897,-45.134872864257886,0.02717287465929985
1.3.6.1.4.1.14519.5.2.1.6279.6001.310626494937915759224334597176,15.325793356474605,41.721666910510976,-114.27214093066411,0.025274692103266716
1.3.6.1.4.1.14519.5.2.1.6279.6001.311981398931043315779172047718,69.90872154235839,-11.6731595993042,-108.57833480834961,0.62266606092453
1.3.6.1.4.1.14519.5.2.1.6279.6001.311981398931043315779172047718,50.432264900207514,45.671422481536865,-199.0000877380371,0.18302330374717712
1.3.6.1.4.1.14519.5.2.1.6279.6001.311981398931043315779172047718,103.76837978363037,4.6894001960754395,-188.5411605834961,0.10746181011199951
1.3.6.1.4.1.14519.5.2.1.6279.6001.311981398931043315779172047718,3.27296683788299,23.60236406326294,-235.76391315460205,0.07494059950113297
1.3.6.1.4.1.14519.5.2.1.6279.6001.311981398931043315779172047718,122.54184732437133,-42.03973174095154,-139.01044464111328,0.06754039973020554
1.3.6.1.4.1.14519.5.2.1.6279.6001.311981398931043315779172047718,52.41406211853027,12.904446125030518,-62.54277801513672,0.029416296631097794
1.3.6.1.4.1.14519.5.2.1.6279.6001.311981398931043315779172047718,-26.17526760101319,-33.501830101013184,-126.5290412902832,0.027020279318094254
1.3.6.1.4.1.14519.5.2.1.6279.6001.311981398931043315779172047718,-52.77435054779053,81.86614274978638,-102.26041412353516,0.02439972013235092
1.3.6.1.4.1.14519.5.2.1.6279.6001.313334055029671473836954456733,45.129475593566895,41.25535726547241,-90.45670700073242,0.1413409262895584
1.3.6.1.4.1.14519.5.2.1.6279.6001.313334055029671473836954456733,46.436591148376465,57.439162731170654,-245.00118446350098,0.08707313984632492
1.3.6.1.4.1.14519.5.2.1.6279.6001.313334055029671473836954456733,87.34538555145264,4.665294885635376,-134.89413452148438,0.08496199548244476
1.3.6.1.4.1.14519.5.2.1.6279.6001.313334055029671473836954456733,75.69820404052734,41.127212047576904,-90.30718994140625,0.07910916209220886
1.3.6.1.4.1.14519.5.2.1.6279.6001.313334055029671473836954456733,76.86082363128662,75.12665748596191,-126.98357772827148,0.0786755234003067
1.3.6.1.4.1.14519.5.2.1.6279.6001.313334055029671473836954456733,-94.73322987556458,75.1805591583252,-133.08280181884766,0.051252007484436035
1.3.6.1.4.1.14519.5.2.1.6279.6001.313334055029671473836954456733,-87.29745984077454,9.41551923751831,-213.57468795776367,0.037169262766838074
1.3.6.1.4.1.14519.5.2.1.6279.6001.313334055029671473836954456733,-43.06570887565613,33.843276500701904,-106.51122283935547,0.03712116554379463
1.3.6.1.4.1.14519.5.2.1.6279.6001.313334055029671473836954456733,93.62922191619873,43.62248182296753,-106.80897903442383,0.030875513330101967
1.3.6.1.4.1.14519.5.2.1.6279.6001.313605260055394498989743099991,99.13192267010498,-37.04365921020508,-167.08758544921875,0.23921138048171997
1.3.6.1.4.1.14519.5.2.1.6279.6001.313605260055394498989743099991,28.973202653625492,-31.499998092651367,-84.67950057983398,0.09173500537872314
1.3.6.1.4.1.14519.5.2.1.6279.6001.313605260055394498989743099991,34.2544125993042,5.9022979736328125,-93.01116180419922,0.0684867799282074
1.3.6.1.4.1.14519.5.2.1.6279.6001.313605260055394498989743099991,13.493018098571781,30.057366371154785,-187.19567966461182,0.06542155146598816
1.3.6.1.4.1.14519.5.2.1.6279.6001.313605260055394498989743099991,-157.17876677920532,-76.85695123672485,-122.03860473632812,0.020991329103708267
1.3.6.1.4.1.14519.5.2.1.6279.6001.334517907433161353885866806005,-104.83209559078216,139.320694711557,-448.50234736549055,0.9985853433609009
1.3.6.1.4.1.14519.5.2.1.6279.6001.334517907433161353885866806005,-112.85692059750556,127.35746100222168,-453.04975696520114,0.9979684948921204
1.3.6.1.4.1.14519.5.2.1.6279.6001.334517907433161353885866806005,-89.24326856191158,207.0254874495178,-397.34993648249247,0.9911750555038452
1.3.6.1.4.1.14519.5.2.1.6279.6001.334517907433161353885866806005,20.955155166435247,143.72928160106238,-402.6964184430849,0.9651423692703247
1.3.6.1.4.1.14519.5.2.1.6279.6001.334517907433161353885866806005,78.48707667236329,102.78383734499512,-425.24264000287394,0.5350290536880493
1.3.6.1.4.1.14519.5.2.1.6279.6001.334517907433161353885866806005,-53.771035281372065,125.41485801016388,-475.2732207655672,0.4856431782245636
1.3.6.1.4.1.14519.5.2.1.6279.6001.334517907433161353885866806005,7.951996239471441,186.79309013163146,-386.83507316847636,0.3635430634021759
1.3.6.1.4.1.14519.5.2.1.6279.6001.334517907433161353885866806005,67.7421589220047,166.77488544260558,-323.8147867252096,0.17416444420814514
1.3.6.1.4.1.14519.5.2.1.6279.6001.334517907433161353885866806005,118.9483653629303,129.59817245279845,-507.56733395980746,0.05778945982456207
1.3.6.1.4.1.14519.5.2.1.6279.6001.334517907433161353885866806005,-92.11505788321494,207.95186128889617,-397.94083315937814,0.05644743889570236
1.3.6.1.4.1.14519.5.2.1.6279.6001.334517907433161353885866806005,-82.62507775182723,205.58056369101104,-396.63936510872327,0.04176861047744751
1.3.6.1.4.1.14519.5.2.1.6279.6001.334517907433161353885866806005,-69.79794820899963,196.00712659632262,-364.2223385392349,0.038075387477874756
1.3.6.1.4.1.14519.5.2.1.6279.6001.334517907433161353885866806005,-107.7310585653305,135.5052776602417,-449.5837531340526,0.025007663294672966
1.3.6.1.4.1.14519.5.2.1.6279.6001.395623571499047043765181005112,87.89398689270018,-84.47651863098145,-118.37472915649414,0.09352032095193863
1.3.6.1.4.1.14519.5.2.1.6279.6001.395623571499047043765181005112,156.04627151489257,-40.87803363800049,-101.7060661315918,0.05958602949976921
1.3.6.1.4.1.14519.5.2.1.6279.6001.395623571499047043765181005112,79.63233013153075,5.568170547485352,-117.10595607757568,0.0549539290368557
1.3.6.1.4.1.14519.5.2.1.6279.6001.395623571499047043765181005112,140.43321628570556,-28.211510181427002,-62.72113800048828,0.027929190546274185
1.3.6.1.4.1.14519.5.2.1.6279.6001.397062004302272014259317520874,-118.46746897697449,137.26451873779297,-743.8711399404297,0.9976761937141418
1.3.6.1.4.1.14519.5.2.1.6279.6001.397062004302272014259317520874,-25.63630437850952,203.48299026489258,-601.6887058583984,0.05214587599039078
1.3.6.1.4.1.14519.5.2.1.6279.6001.397062004302272014259317520874,-31.13167381286621,179.82810020446777,-707.7909359304199,0.026056546717882156
1.3.6.1.4.1.14519.5.2.1.6279.6001.397062004302272014259317520874,75.9432544708252,99.77698802947998,-781.0179523793945,0.022377319633960724
1.3.6.1.4.1.14519.5.2.1.6279.6001.397062004302272014259317520874,-51.05917549133301,139.60767269134521,-722.4780582753906,0.021125562489032745
1.3.6.1.4.1.14519.5.2.1.6279.6001.404364125369979066736354549484,34.325453996658325,-274.4593296125531,-252.39987991916132,0.3514178395271301
1.3.6.1.4.1.14519.5.2.1.6279.6001.404364125369979066736354549484,-20.907702684402466,-170.61730194091797,-128.39141610221304,0.277226060628891
1.3.6.1.4.1.14519.5.2.1.6279.6001.404364125369979066736354549484,22.62640929222107,-107.95896816253662,-200.49688294207044,0.16045807301998138
1.3.6.1.4.1.14519.5.2.1.6279.6001.404364125369979066736354549484,-27.75365674495697,-183.1320332288742,-199.93380274153287,0.09923093765974045
1.3.6.1.4.1.14519.5.2.1.6279.6001.404364125369979066736354549484,-67.6981326341629,-102.72452998161316,-59.9336435626974,0.09571252763271332
1.3.6.1.4.1.14519.5.2.1.6279.6001.404364125369979066736354549484,-106.39903807640076,-134.98184847831726,-122.01900263577045,0.09418357908725739
1.3.6.1.4.1.14519.5.2.1.6279.6001.404364125369979066736354549484,96.92685341835022,-79.79403901100159,-203.06444268850646,0.0821111872792244
1.3.6.1.4.1.14519.5.2.1.6279.6001.404364125369979066736354549484,44.54951620101929,-108.47566890716553,-51.8018383581948,0.04655609652400017
1.3.6.1.4.1.14519.5.2.1.6279.6001.404364125369979066736354549484,-89.74747323989868,-198.07022082805634,-182.003446237155,0.04056010767817497
1.3.6.1.4.1.14519.5.2.1.6279.6001.404364125369979066736354549484,66.42275190353394,-178.96962928771973,-101.58426806968419,0.0380558967590332
1.3.6.1.4.1.14519.5.2.1.6279.6001.404364125369979066736354549484,65.40939545631409,-192.9795937538147,-238.00056694612067,0.03317193314433098
1.3.6.1.4.1.14519.5.2.1.6279.6001.404364125369979066736354549484,104.37146759033203,-179.90639078617096,-210.19815717543088,0.026778386905789375
1.3.6.1.4.1.14519.5.2.1.6279.6001.404364125369979066736354549484,-18.853684902191162,-108.4256546497345,-50.686369027393084,0.026466039940714836
1.3.6.1.4.1.14519.5.2.1.6279.6001.404364125369979066736354549484,73.0863425731659,-109.0956883430481,-104.2233488103193,0.02119549922645092
1.3.6.1.4.1.14519.5.2.1.6279.6001.404364125369979066736354549484,15.760526418685913,-78.15318870544434,-202.37756373941738,0.021149802953004837
1.3.6.1.4.1.14519.5.2.1.6279.6001.404364125369979066736354549484,35.80905532836914,-275.3825163394213,-268.41437534453144,0.02102472633123398
1.3.6.1.4.1.14519.5.2.1.6279.6001.417815314896088956784723476543,44.536625593963635,229.47062492868653,-570.0872041865234,0.8149753212928772
1.3.6.1.4.1.14519.5.2.1.6279.6001.417815314896088956784723476543,-93.25847926729583,107.04100299379577,-649.5989687128906,0.23100167512893677
1.3.6.1.4.1.14519.5.2.1.6279.6001.417815314896088956784723476543,-87.40572670095824,207.81549644968263,-571.4219057246094,0.22619827091693878
1.3.6.1.4.1.14519.5.2.1.6279.6001.417815314896088956784723476543,-81.55309322470092,91.54367632171859,-658.4291689082031,0.04122544825077057
1.3.6.1.4.1.14519.5.2.1.6279.6001.417815314896088956784723476543,-90.9973335563507,108.67670965692749,-648.0685426875,0.02200615219771862
1.3.6.1.4.1.14519.5.2.1.6279.6001.417815314896088956784723476543,-48.00529411428832,135.85004020235291,-651.3277132197265,0.02034522220492363
1.3.6.1.4.1.14519.5.2.1.6279.6001.417815314896088956784723476543,-109.2641507684555,153.84761238596192,-619.4392091914062,0.020319050177931786
1.3.6.1.4.1.14519.5.2.1.6279.6001.450501966058662668272378865145,52.98476261930773,21.489957727884757,231.07345581054688,0.9606176614761353
1.3.6.1.4.1.14519.5.2.1.6279.6001.450501966058662668272378865145,-126.13826691677332,35.69469895816292,42.0041823387146,0.09797307848930359
1.3.6.1.4.1.14519.5.2.1.6279.6001.450501966058662668272378865145,-130.58563760386096,35.61584383043373,39.91725206375122,0.08271066844463348
1.3.6.1.4.1.14519.5.2.1.6279.6001.450501966058662668272378865145,-97.06338161938947,63.73061779042473,105.68979263305664,0.050125427544116974
1.3.6.1.4.1.14519.5.2.1.6279.6001.450501966058662668272378865145,149.36467045742756,-52.77025082736509,40.11341094970703,0.03864632174372673
1.3.6.1.4.1.14519.5.2.1.6279.6001.450501966058662668272378865145,40.963338719520834,66.47412320715375,96.04362487792969,0.030181575566530228
1.3.6.1.4.1.14519.5.2.1.6279.6001.450501966058662668272378865145,-42.59917853040679,-40.47483043736429,205.13980865478516,0.021858802065253258
1.3.6.1.4.1.14519.5.2.1.6279.6001.511347030803753100045216493273,-107.91450347085572,-38.086369649368294,-198.88189315795898,0.9849772453308105
1.3.6.1.4.1.14519.5.2.1.6279.6001.511347030803753100045216493273,-79.01915158410645,71.43960772375488,-255.06526947021484,0.9182283282279968
1.3.6.1.4.1.14519.5.2.1.6279.6001.511347030803753100045216493273,60.95512305120849,75.55033980230712,-214.34850692749023,0.9160057306289673
1.3.6.1.4.1.14519.5.2.1.6279.6001.511347030803753100045216493273,-85.6022581018982,24.916027172607414,-218.14390182495117,0.25649064779281616
1.3.6.1.4.1.14519.5.2.1.6279.6001.511347030803753100045216493273,-98.1753542580185,-28.699249640899666,-130.58170318603516,0.24133068323135376
1.3.6.1.4.1.14519.5.2.1.6279.6001.511347030803753100045216493273,-97.74732197900391,-67.43245066781617,-141.12295150756836,0.05430873483419418
1.3.6.1.4.1.14519.5.2.1.6279.6001.511347030803753100045216493273,37.37850581030273,-1.9140237726745681,-84.93268966674805,0.047993145883083344
1.3.6.1.4.1.14519.5.2.1.6279.6001.534083630500464995109143618896,-86.82118758217774,56.41864981983235,-111.9520149230957,0.9957743287086487
1.3.6.1.4.1.14519.5.2.1.6279.6001.534083630500464995109143618896,-15.865066680312964,70.71246732162399,-125.79072570800781,0.6772260069847107
1.3.6.1.4.1.14519.5.2.1.6279.6001.534083630500464995109143618896,47.198826355838094,58.525986128879595,-153.2756052017212,0.42302438616752625
1.3.6.1.4.1.14519.5.2.1.6279.6001.534083630500464995109143618896,-29.67701704914697,-42.455234394888976,-158.2804880142212,0.3901940882205963
1.3.6.1.4.1.14519.5.2.1.6279.6001.534083630500464995109143618896,123.67400070913237,-55.579711669175595,-237.2643051147461,0.089508056640625
1.3.6.1.4.1.14519.5.2.1.6279.6001.534083630500464995109143618896,51.64668013538204,-84.5130325530422,-240.31081771850586,0.07246708124876022
1.3.6.1.4.1.14519.5.2.1.6279.6001.534083630500464995109143618896,-79.3598945966757,5.469444615748216,-100.73356246948242,0.0500435046851635
1.3.6.1.4.1.14519.5.2.1.6279.6001.534083630500464995109143618896,96.8475044655973,-49.957096469684984,-154.2203769683838,0.047499749809503555
1.3.6.1.4.1.14519.5.2.1.6279.6001.534083630500464995109143618896,76.1784245551101,23.30738414787993,-45.40767288208008,0.03606773167848587
1.3.6.1.4.1.14519.5.2.1.6279.6001.534083630500464995109143618896,68.7943610983969,9.849947816634085,-46.98043441772461,0.0334688276052475
1.3.6.1.4.1.14519.5.2.1.6279.6001.534083630500464995109143618896,87.4988927188063,-46.50521458109142,-91.01270294189453,0.026499077677726746
1.3.6.1.4.1.14519.5.2.1.6279.6001.534083630500464995109143618896,109.3047058319101,27.83408982043329,-129.04973602294922,0.023745128884911537
1.3.6.1.4.1.14519.5.2.1.6279.6001.534083630500464995109143618896,57.182985558338544,44.79679131096418,-114.359375,0.0219651460647583
1.3.6.1.4.1.14519.5.2.1.6279.6001.564534197011295112247542153557,-61.55894452881907,42.481954860897474,-33.16022872924805,0.713209331035614
1.3.6.1.4.1.14519.5.2.1.6279.6001.564534197011295112247542153557,-43.57958915503181,-34.49500954769067,-159.96641159057617,0.08558769524097443
1.3.6.1.4.1.14519.5.2.1.6279.6001.564534197011295112247542153557,50.31979887670934,119.89621027883544,-107.65218734741211,0.020449208095669746
1.3.6.1.4.1.14519.5.2.1.6279.6001.566816709786169715745131047975,-123.99920995458132,20.98149622422352,-168.57788467407227,0.9166280031204224
1.3.6.1.4.1.14519.5.2.1.6279.6001.566816709786169715745131047975,-44.72453980090694,21.413835216590087,-218.83649730682373,0.676504909992218
1.3.6.1.4.1.14519.5.2.1.6279.6001.566816709786169715745131047975,103.1968104657538,-77.8579515950405,-176.44232177734375,0.15109531581401825
1.3.6.1.4.1.14519.5.2.1.6279.6001.566816709786169715745131047975,-106.14955287200036,-97.9579039146738,-165.4156150817871,0.023831820115447044
1.3.6.1.4.1.14519.5.2.1.6279.6001.621916089407825046337959219998,-95.99070596694946,43.78760576248169,-154.91973876953125,0.9866327047348022
1.3.6.1.4.1.14519.5.2.1.6279.6001.621916089407825046337959219998,45.74889135360718,24.04618740081787,-74.06099319458008,0.1619279533624649
1.3.6.1.4.1.14519.5.2.1.6279.6001.621916089407825046337959219998,69.52620935440063,23.985474109649658,-147.90311813354492,0.16103841364383698
1.3.6.1.4.1.14519.5.2.1.6279.6001.621916089407825046337959219998,-128.74902772903442,2.2616618871688843,-53.569583892822266,0.08655295521020889
1.3.6.1.4.1.14519.5.2.1.6279.6001.621916089407825046337959219998,-14.495858430862427,-122.37932205200195,-87.68566131591797,0.02384500578045845
1.3.6.1.4.1.14519.5.2.1.6279.6001.657775098760536289051744981056,60.35024546969697,-2.1882198002016366,-113.29483437133794,0.09243777394294739
1.3.6.1.4.1.14519.5.2.1.6279.6001.657775098760536289051744981056,164.67026868352303,8.580673302657146,-294.2815844972229,0.07613489031791687
1.3.6.1.4.1.14519.5.2.1.6279.6001.657775098760536289051744981056,50.486017770537444,73.9629284237459,-224.8577635247803,0.06810588389635086
1.3.6.1.4.1.14519.5.2.1.6279.6001.657775098760536289051744981056,99.95542514955349,-14.108375147952188,-190.31363892150884,0.025139493867754936
1.3.6.1.4.1.14519.5.2.1.6279.6001.868211851413924881662621747734,-22.63526639938354,79.31015253067017,-136.51363372802734,0.9919911026954651
1.3.6.1.4.1.14519.5.2.1.6279.6001.868211851413924881662621747734,-4.530720329284662,37.700908184051514,-115.94444274902344,0.8527286648750305
1.3.6.1.4.1.14519.5.2.1.6279.6001.868211851413924881662621747734,-204.51709356196224,19.530770778656006,-47.22465515136719,0.5734764933586121
1.3.6.1.4.1.14519.5.2.1.6279.6001.868211851413924881662621747734,-112.5526537656784,-77.90385961532593,-173.9541721343994,0.25876158475875854
1.3.6.1.4.1.14519.5.2.1.6279.6001.868211851413924881662621747734,-7.941273069381708,59.17515993118286,-110.47134399414062,0.2434552162885666
1.3.6.1.4.1.14519.5.2.1.6279.6001.868211851413924881662621747734,-136.07362530231475,-33.839149475097656,-55.79690933227539,0.1993122547864914
1.3.6.1.4.1.14519.5.2.1.6279.6001.868211851413924881662621747734,58.91424932479859,67.30103731155396,-250.4108715057373,0.021540693938732147
1.3.6.1.4.1.14519.5.2.1.6279.6001.898642529028521482602829374444,-11.340246796607971,221.9065649364044,-539.2336957768555,0.7949584126472473
1.3.6.1.4.1.14519.5.2.1.6279.6001.898642529028521482602829374444,-41.777047991752625,92.46845661139984,-566.8285577611084,0.6062695980072021
1.3.6.1.4.1.14519.5.2.1.6279.6001.898642529028521482602829374444,74.21832656860352,112.73442374206086,-533.8800199345703,0.31815212965011597
1.3.6.1.4.1.14519.5.2.1.6279.6001.898642529028521482602829374444,-10.917198181152344,208.33584712481994,-549.0215909794922,0.30920544266700745
1.3.6.1.4.1.14519.5.2.1.6279.6001.898642529028521482602829374444,73.66000175476074,207.7164056155731,-572.4489438847656,0.07900761067867279
1.3.6.1.4.1.14519.5.2.1.6279.6001.898642529028521482602829374444,-116.49831619858742,97.46209476924439,-552.462333472168,0.04883768782019615
1.3.6.1.4.1.14519.5.2.1.6279.6001.898642529028521482602829374444,-31.901454210281372,215.13170097804564,-536.5585859135742,0.043580442667007446
1.3.6.1.4.1.14519.5.2.1.6279.6001.898642529028521482602829374444,69.5746397972107,219.22338865733641,-535.8987729863281,0.04070231691002846
1.3.6.1.4.1.14519.5.2.1.6279.6001.898642529028521482602829374444,-2.213803768157959,185.33037923312682,-582.4730642155762,0.030199464410543442
1.3.6.1.4.1.14519.5.2.1.6279.6001.898642529028521482602829374444,-67.2147878408432,195.94460485911864,-494.54333475390627,0.026097437366843224
1.3.6.1.4.1.14519.5.2.1.6279.6001.898642529028521482602829374444,-35.77007234096527,231.05398987269896,-501.8436010197754,0.02535637654364109
1.3.6.1.4.1.14519.5.2.1.6279.6001.898642529028521482602829374444,-10.811290264129639,213.2287928912689,-504.3544347600098,0.020635172724723816
1.3.6.1.4.1.14519.5.2.1.6279.6001.905371958588660410240398317235,108.9877405684204,49.27817440032959,-113.53285217285156,0.8759793043136597
1.3.6.1.4.1.14519.5.2.1.6279.6001.905371958588660410240398317235,52.08471208026123,58.19548225402832,-196.0455551147461,0.1443287432193756
1.3.6.1.4.1.14519.5.2.1.6279.6001.905371958588660410240398317235,-22.10745424816895,38.117061614990234,-235.5294599533081,0.14406396448612213
1.3.6.1.4.1.14519.5.2.1.6279.6001.905371958588660410240398317235,-58.39207977841187,-43.25525903701782,-120.80896759033203,0.02437429688870907
1.3.6.1.4.1.14519.5.2.1.6279.6001.905371958588660410240398317235,-94.15541500637818,-1.0682477951049805,-207.12162399291992,0.02277427352964878
1.3.6.1.4.1.14519.5.2.1.6279.6001.975254950136384517744116790879,30.484236775096804,-16.836601497239826,-77.84190716333006,0.9427460432052612
1.3.6.1.4.1.14519.5.2.1.6279.6001.975254950136384517744116790879,-80.48151085662931,59.3581087011662,-218.52961124963377,0.40523603558540344
1.3.6.1.4.1.14519.5.2.1.6279.6001.975254950136384517744116790879,39.45516939181806,19.231533262631274,-66.01209225244139,0.19903403520584106
1.3.6.1.4.1.14519.5.2.1.6279.6001.975254950136384517744116790879,-104.59969847255189,60.42579629105967,-122.47994961328124,0.10481155663728714
1.3.6.1.4.1.14519.5.2.1.6279.6001.975254950136384517744116790879,83.44412499825529,30.98564862850617,-133.65048946923827,0.06295271217823029
1.3.6.1.4.1.14519.5.2.1.6279.6001.975254950136384517744116790879,65.18618778736317,44.163652424489555,-93.82787289208983,0.052658505737781525
1.3.6.1.4.1.14519.5.2.1.6279.6001.975254950136384517744116790879,-107.60639880432274,-41.81197858503401,-194.8529011208496,0.04275742173194885
1.3.6.1.4.1.14519.5.2.1.6279.6001.975254950136384517744116790879,34.79140137858457,79.1835418729388,-91.5355068642578,0.03694688528776169
1.3.6.1.4.1.14519.5.2.1.6279.6001.975254950136384517744116790879,55.77090990181722,54.32917352635195,-124.95717587060545,0.024644268676638603
1.3.6.1.4.1.14519.5.2.1.6279.6001.979083010707182900091062408058,-94.97686516379326,9.70949738066031,-49.450805170898434,0.6525564789772034
1.3.6.1.4.1.14519.5.2.1.6279.6001.979083010707182900091062408058,36.526495451587834,-137.4360147503802,-31.599563105468746,0.23618042469024658
1.3.6.1.4.1.14519.5.2.1.6279.6001.979083010707182900091062408058,83.15474284772063,103.98330325388145,-113.87058971679687,0.20001445710659027
1.3.6.1.4.1.14519.5.2.1.6279.6001.979083010707182900091062408058,-60.284994828172785,-5.70614275216883,-111.69523952758789,0.1286696493625641
1.3.6.1.4.1.14519.5.2.1.6279.6001.979083010707182900091062408058,53.59893669137091,94.87192564304189,-134.22742412841797,0.10082542151212692
1.3.6.1.4.1.14519.5.2.1.6279.6001.979083010707182900091062408058,-22.83938890104764,15.286317325976256,-50.44914196289062,0.07971467822790146
1.3.6.1.4.1.14519.5.2.1.6279.6001.979083010707182900091062408058,-65.03127113654773,53.37058239094824,-11.106093867187496,0.05077439174056053
1.3.6.1.4.1.14519.5.2.1.6279.6001.979083010707182900091062408058,-24.649924581601226,85.80462563536332,-63.906676752929684,0.050023991614580154
1.3.6.1.4.1.14519.5.2.1.6279.6001.979083010707182900091062408058,-1.1184273704748193,47.24020854662433,-129.90621135986328,0.039575736969709396
1.3.6.1.4.1.14519.5.2.1.6279.6001.979083010707182900091062408058,-35.085190735750075,103.24182677367264,-132.0362925366211,0.03811662644147873
1.3.6.1.4.1.14519.5.2.1.6279.6001.979083010707182900091062408058,88.43321314993955,10.552453675962738,-32.284926875,0.03458957374095917
1.3.6.1.4.1.14519.5.2.1.6279.6001.979083010707182900091062408058,71.52907742475509,52.949747674975356,-13.048461420898434,0.03457153961062431
1.3.6.1.4.1.14519.5.2.1.6279.6001.979083010707182900091062408058,94.61410904699005,-5.930421756390729,-63.96701000488281,0.029313355684280396
1.3.6.1.4.1.14519.5.2.1.6279.6001.979083010707182900091062408058,0.5773089526046533,-106.99906880839205,8.739716069335941,0.029312169179320335
1.3.6.1.4.1.14519.5.2.1.6279.6001.979083010707182900091062408058,-17.787436947946844,66.10947581246057,-123.54651592529297,0.028002092614769936
1.3.6.1.4.1.14519.5.2.1.6279.6001.979083010707182900091062408058,42.38377054639568,80.89154346417547,-188.97500942504882,0.025179129093885422
1.3.6.1.4.1.14519.5.2.1.6279.6001.979083010707182900091062408058,-100.67259837621168,35.08299762788431,-89.20201061523437,0.023375065997242928
1.3.6.1.4.1.14519.5.2.1.6279.6001.979083010707182900091062408058,-59.00985510068131,82.67929051725571,-93.04318187988281,0.0209392961114645
